ticker,Total Revenue,Cost Of Revenue,Operating Revenue,Cash And Cash Equivalents,Total Debt,Capital Expenditure
KYMR,39211000.0,,39211000.0,357011000.0,82252000.0,-1449000.0
NRIX,83980000.0,,83980000.0,246960000.0,55730000.0,-14002000.0
INMB,50000.0,,50000.0,24751000.0,1034000.0,-1042000.0
ABBV,61160000000.0,18204000000.0,61160000000.0,5229000000.0,67496000000.0,-1214000000.0
FHTX,30909000.0,,30909000.0,80876000.0,41270000.0,-50000.0
NVS,56674000000.0,13699000000.0,54532000000.0,11435000000.0,35376000000.0,-3900000000.0
ACET,0.0,,0.0,38918000.0,14738000.0,-1738000.0
PRLD,12140000.0,,12140000.0,35256000.0,17789000.0,-67000.0
PRAX,0.0,,0.0,357329000.0,110000.0,-56000.0
AFMD,,,,,,
CRNX,7696000.0,1076000.0,7696000.0,101536000.0,48541000.0,-5762000.0
OMER,0.0,,0.0,9660000.0,239143000.0,-65000.0
NVO,309064000000.0,58788000000.0,729423000000.0,26464000000.0,130958000000.0,-90113000000.0
SNY,46716000000.0,13049000000.0,43626000000.0,7657000000.0,20329000000.0,-3538000000.0
INBX,1300000.0,,1300000.0,124220000.0,107012000.0,-31000.0
CVAC,,,,,,
KRYS,389130000.0,23049000.0,389130000.0,496304000.0,9339000.0,-11951000.0
JNCE,,,,,,
PSTV,0.0,,0.0,4256000.0,821000.0,-67000.0
ALXO,0.0,,0.0,16373000.0,9749000.0,-212000.0
RLAY,15355000.0,,15355000.0,84018000.0,32458000.0,-410000.0
FATE,6646000.0,,6646000.0,46628000.0,77849000.0,-5953000.0
NKTX,0.0,,0.0,39634000.0,76420000.0,-1208000.0
AZN,58739000000.0,10633000000.0,58739000000.0,5711000000.0,29149000000.0,-5905000000.0
CUE,27466000.0,,27466000.0,27136000.0,4197000.0,-177000.0
PFE,62579000000.0,16067000000.0,62579000000.0,1142000000.0,63961000000.0,-2629000000.0
FULC,0.0,,0.0,197533000.0,6443000.0,-314000.0
VIR,66520000.0,26000.0,63130000.0,232185000.0,97852000.0,-4832000.0
GSK,32667000000.0,9017000000.0,32667000000.0,3150000000.0,17720000000.0,-2985000000.0
LPCN,1976677.0,8583919.0,1976677.0,5205842.0,,
PGEN,9684000.0,4823000.0,9684000.0,30234000.0,98290000.0,-1995000.0
KROS,244061000.0,,244061000.0,287415000.0,16883000.0,-1551000.0
ZNTL,0.0,,0.0,35995000.0,35704000.0,
MRK,65011000000.0,16382000000.0,65011000000.0,14565000000.0,49339000000.0,-4112000000.0
DSNKY,1886256000000.0,415797000000.0,1886256000000.0,639838000000.0,101332000000.0,-187872000000.0
IPHA,2787000.0,,2286000.0,28092000.0,22573000.0,-2351000.0
KPRX,0.0,,0.0,8696570.0,368259.0,-110789.0
DAWN,,,,,,
CLLS,72949000.0,9797000.0,72949000.0,61533000.0,90733000.0,-3533000.0
ALLO,0.0,,0.0,51688000.0,83253000.0,-386000.0
CGEN,72764000.0,9251000.0,72764000.0,90597000.0,2960000.0,-306000.0
GNPX,0.0,,0.0,7830855.0,,
CHRS,42172000.0,13814000.0,42172000.0,88879000.0,40336000.0,
REGN,14342900000.0,2100700000.0,13640300000.0,3118100000.0,2705900000.0,-1213700000.0
NTLA,67671000.0,,67671000.0,155464000.0,93329000.0,-1129000.0
IMUX,0.0,,0.0,15483000.0,577000.0,-161000.0
BPTH,,,,,,
BCYC,72586000.0,,72586000.0,628110000.0,16852000.0,-2350000.0
VTGN,486000.0,,486000.0,67131000.0,1509000.0,-191000.0
KYKOF,496826000000.0,127934000000.0,496826000000.0,218769000000.0,,-83519000000.0
TGTX,616287000.0,100714000.0,616287000.0,79148000.0,253710000.0,-214000.0
CABA,0.0,,0.0,82982000.0,27098000.0,-1229000.0
SYRS,,,,,,
BNTX,2869900000.0,641800000.0,2869900000.0,7675400000.0,267400000.0,-749000000.0
CLRB,0.0,,0.0,13196033.0,409586.0,-5880.0
EPIX,,,,,,
SRRK,0.0,,0.0,323527000.0,108915000.0,-602000.0
ZVRA,106470000.0,16482000.0,106470000.0,62406000.0,63206000.0,-835000.0
ALT,41000.0,,41000.0,43760000.0,35688000.0,-11000.0
NBP,0.0,,0.0,210632000.0,3067000.0,-7000.0
BMY,48195000000.0,13936000000.0,47203000000.0,10209000000.0,47139000000.0,-1311000000.0
ZLAB,460156000.0,191081000.0,499206000.0,679573000.0,224259000.0,-13424000.0
IMMP,,,,,,
REPL,0.0,,0.0,111119000.0,76165000.0,-6687000.0
FBIO,63262000.0,20924000.0,61239000.0,79381000.0,74301000.0,
CRVS,0.0,,0.0,4576000.0,937000.0,-174000.0
XNCR,125576000.0,,125576000.0,54073000.0,187747000.0,-3150000.0
MRUS,,,,,,
GMAB,3720000000.0,238000000.0,3667000000.0,1715000000.0,5426000000.0,-55000000.0
RCKT,0.0,,0.0,77558000.0,24877000.0,-440000.0
ADAP,,,,,,
GILD,29442000000.0,6234000000.0,29442000000.0,7564000000.0,24936000000.0,-563000000.0
CRSP,0.0,213480000.0,0.0,347559000.0,206746000.0,-25914000.0
ALEC,21045000.0,,21045000.0,65802000.0,36233000.0,-41000.0
ASLN,,,,,,
VXRT,237258000.0,,237258000.0,53814000.0,8985000.0,-145000.0
STRO,102484000.0,,102484000.0,58130000.0,15674000.0,-1695000.0
MGNX,149500000.0,36009000.0,149500000.0,57217000.0,36762000.0,-1914000.0
OCUL,51951000.0,6574000.0,51951000.0,737060000.0,76968000.0,-12010000.0
MEIP,,,,,,
LITS,0.0,,0.0,18011000.0,,
MGTX,81391000.0,4843000.0,81391000.0,65931000.0,88686000.0,-4236000.0
ARVN,262600000.0,,262600000.0,142900000.0,8900000.0,-1900000.0
ONCY,0.0,,0.0,5202000.0,563000.0,-6000.0
CYAD,,,,,,
ADVM,,,,,,
GMDA,,,,,,
APVO,0.0,,0.0,21619000.0,4629000.0,
LGND,268087000.0,14549000.0,268087000.0,174927000.0,451491000.0,-11314000.0
AUTL,75388000.0,96369000.0,75388000.0,104132000.0,71387000.0,-27132000.0
ENTX,42000.0,42000.0,42000.0,7108000.0,490000.0,-107000.0
SLS,0.0,,0.0,71793000.0,1001000.0,
COCP,0.0,,0.0,7025000.0,1505000.0,-12000.0
BPMC,,,,,,
ATNM,90000.0,,0.0,47998000.0,1694000.0,-104000.0
CYCC,,,,,,
BGMS,747000.0,609000.0,747000.0,3505000.0,2000.0,
WHWK,7145000.0,760000.0,7145000.0,37568000.0,0.0,-552000.0
LCTX,14556000.0,146000.0,14556000.0,40791000.0,2419000.0,-522000.0
MBIO,0.0,,0.0,17266000.0,0.0,
CRIS,9443000.0,,9443000.0,5061000.0,1618000.0,
EXEL,2320126000.0,83697000.0,3209129000.0,482488000.0,173038000.0,-39928000.0
NKTR,55232000.0,0.0,55232000.0,15116000.0,85751000.0,-171000.0
ORIC,0.0,,0.0,45669000.0,3330000.0,-712000.0
COGT,0.0,,0.0,312012000.0,238797000.0,-1554000.0
MCRB,789000.0,6544000.0,789000.0,45766000.0,82966000.0,-252000.0
DNLI,0.0,,0.0,205326000.0,36756000.0,-9502000.0
CWBR,,,,,,
MNPR,0.0,,0.0,61833552.0,154920.0,
CLDX,1545000.0,,1545000.0,28871000.0,2336000.0,-2714000.0
ASMB,72303000.0,,72303000.0,58450000.0,2628000.0,-66000.0
VKTX,0.0,,0.0,165810000.0,137000.0,
XFOR,35113000.0,5757000.0,35113000.0,217049000.0,77285000.0,-3000000.0
BCEL,,,,,,
RCUS,247000000.0,,247000000.0,222000000.0,112000000.0,-2000000.0
AMGN,36751000000.0,12037000000.0,35148000000.0,9129000000.0,54604000000.0,-1858000000.0
KURA,67482000.0,57000.0,67482000.0,149099000.0,20457000.0,-6638000.0
EQ,0.0,,0.0,30277000.0,719000.0,-48000.0
CORT,761407000.0,12977000.0,761407000.0,120495000.0,6107000.0,-211000.0
ABUS,14083000.0,,14083000.0,18008000.0,746000.0,
MBRX,0.0,,0.0,8878000.0,359000.0,
SWTX,,,,,,
PMVP,0.0,,0.0,37983000.0,838000.0,-29000.0
CDAK,,,,,,
KRON,,,,,,
MREO,500000.0,133000.0,500000.0,40992000.0,202000.0,-320000.0
ALKS,1475899000.0,196457000.0,1475899000.0,388570000.0,69999000.0,-40420000.0
XOMA,11660000.0,,11660000.0,82908000.0,131555000.0,-20725000.0
MURA,,,,,,
OCGN,4413000.0,,4413000.0,18571000.0,33144000.0,-185000.0
ARMP,0.0,,0.0,8688000.0,288018000.0,-542000.0
PCVX,0.0,,0.0,173959000.0,117481000.0,-56973000.0
BBIO,502076000.0,20962000.0,502076000.0,570119000.0,1862473000.0,-9592000.0
ARWR,829448000.0,,829448000.0,88706000.0,366284000.0,-22666000.0
FRLN,,,,,,
EDIT,40520000.0,,40520000.0,146645000.0,18102000.0,-607000.0
VBIV,,,,,,
SONN,,,,,,
SGMO,39552000.0,,39552000.0,20948000.0,26795000.0,-102000.0
ITOS,,,,,,
BMRN,3221253000.0,717442000.0,3221253000.0,1311679000.0,605861000.0,-110975000.0
CYDY,0.0,,0.0,11903000.0,27341000.0,
LLY,65179000000.0,11052000000.0,65179000000.0,7268000000.0,42503000000.0,-10849000000.0
ONTX,,,,,,
TRAW,2790000.0,,2790000.0,3820000.0,,-2585000.0
RPTX,,,,,,
KMDA,180460000.0,104053000.0,180460000.0,75469000.0,11561000.0,-9846000.0
BLCM,,,,,,
BTAI,642000.0,164000.0,642000.0,28415000.0,109659000.0,
BIIB,9890600000.0,2404200000.0,9890600000.0,3008500000.0,6577200000.0,-235400000.0
APLS,,,,,,
IDYA,218710000.0,,218710000.0,112825000.0,27914000.0,-2368000.0
PASG,0.0,,0.0,46303000.0,24010000.0,
CLSD,,,,,,
VSTM,30914000.0,5298000.0,30914000.0,204990000.0,87169000.0,-9624000.0
RARE,673000000.0,109000000.0,673000000.0,421000000.0,36000000.0,-21000000.0
MGTA,,,,,,
DTIL,34264000.0,,34264000.0,110823000.0,28808000.0,-700000.0
TOVX,0.0,,0.0,13056000.0,2629000.0,-35000.0
INO,65343.0,,65343.0,44273319.0,9367826.0,-285698.0
RHHBY,63356000000.0,16645000000.0,63356000000.0,5582000000.0,33191000000.0,-5779000000.0
VCNX,,,,,,
SYRE,0.0,,0.0,85721000.0,,
GRTX,0.0,,0.0,6375000.0,,
RAPT,,,,,,
RGNX,170441000.0,20298000.0,170441000.0,34466000.0,73501000.0,-2414000.0
DCOY,0.0,,0.0,10709937.0,,-577000.0
PPBT,0.0,,0.0,8717000.0,244000.0,-3000.0
ACIU,3573000.0,,3573000.0,26795000.0,4541000.0,-900000.0
JNJ,94193000000.0,30256000000.0,94193000000.0,19709000000.0,47933000000.0,-5217000000.0
SNDX,172352000.0,6970000.0,172352000.0,134930000.0,345432000.0,-187000.0
CRDF,593000.0,,593000.0,17470000.0,832000.0,-44000.0
STOK,184420000.0,,184420000.0,84220000.0,3007000.0,-670000.0
HOOK,,,,,,
APLT,,,,,,
SIOX,,,,,,
NXTC,0.0,,0.0,25982000.0,5153000.0,
AGEN,114196000.0,80360000.0,5608000.0,2998000.0,55899000.0,-6000.0
MTNB,0.0,,0.0,3999000.0,1354000.0,
MNOV,409657.0,378606.0,409657.0,30806477.0,194331.0,-2899.0
VERU,0.0,,0.0,15794562.0,3116964.0,-1083.0
DARE,1030193.0,295799.0,1030193.0,24711356.0,2656019.0,-385278.0
PRQR,15906000.0,,15906000.0,92413000.0,15964000.0,-1020000.0
NCNA,0.0,,0.0,24251000.0,676000.0,-193000.0
DCPH,,,,,,
GRTS,,,,,,
BLRX,1180000.0,230000.0,1180000.0,3250000.0,10150000.0,-27000.0
OSTX,0.0,,0.0,269830.0,,-466423.0
SRPT,2198237000.0,839605000.0,2198237000.0,801282000.0,1039745000.0,-109848000.0
AKTX,0.0,,0.0,5203000.0,754000.0,
VRTX,12001300000.0,1651300000.0,11970600000.0,5084800000.0,2030500000.0,-437600000.0
WVE,42727000.0,,42727000.0,602068000.0,17766000.0,-718000.0
ATYR,190000.0,,190000.0,10743000.0,12033000.0,-77000.0
SLDB,0.0,,0.0,59900000.0,21161000.0,-1153000.0
BNTC,0.0,,0.0,97744000.0,849000.0,-18000.0
ABEO,5820000.0,3425000.0,3400000.0,78437000.0,24968000.0,-7975000.0
BLUE,,,,,,
QURE,16098000.0,1686000.0,16098000.0,80240000.0,63393000.0,-439000.0
ATRA,120772000.0,21212000.0,120772000.0,8482000.0,10375000.0,
BGNE,,,,,,
ONC,5343033000.0,668540000.0,6789288000.0,4547530000.0,1092844000.0,-266530000.0
SUPN,718952000.0,74562000.0,718952000.0,128448000.0,40977000.0,-1338000.0
ALNA,,,,,,
CYCN,2074000.0,,2074000.0,3240000.0,,
PLRX,0.0,,0.0,45445000.0,29105000.0,-374000.0
ANVS,0.0,,0.0,19532338.0,,
AGIO,54028000.0,6345000.0,54028000.0,89130000.0,40207000.0,-14316000.0
ELVN,0.0,,0.0,98896000.0,399000.0,-158000.0
ACRS,7826000.0,7284000.0,7826000.0,19960000.0,,-111000.0
UBX,,,,,,
PDSB,0.0,,0.0,26711969.0,16925575.0,
KRRO,6392000.0,,6392000.0,21824000.0,43486000.0,-518000.0
IFRX,29331.0,7267618.0,29331.0,16022171.0,897916.0,-115694.0
MRNA,1922000000.0,868000000.0,3304000000.0,2595000000.0,1305000000.0,-202000000.0
HEPA,0.0,,0.0,1828062.0,54066.0,
PIRS,,,,,,
IOVA,263502000.0,173184000.0,268005000.0,163078000.0,49444000.0,-33836000.0
SPRB,0.0,,0.0,48906000.0,736000.0,
ATHA,,,,,,
LONA,0.0,,0.0,69276000.0,803000.0,
AURA,0.0,,0.0,59515000.0,17377000.0,-447000.0
FOCL,70527000.0,40526000.0,70527000.0,20452000.0,27684000.0,-5759000.0
HRMY,868453000.0,198342000.0,868453000.0,752502000.0,163663000.0,-310000.0
CYTH,,,,,,
RFL,,,,,,
AXSM,638496000.0,47478000.0,638496000.0,322933000.0,218113000.0,-480000.0
PBYI,228371000.0,58157000.0,228371000.0,29635000.0,28546000.0,-71000.0
CAPR,0.0,,0.0,287847312.0,14522765.0,-11724196.0
RIGL,294282000.0,19621000.0,372260000.0,40580000.0,53303000.0,
LXRX,49803000.0,274000.0,49803000.0,34326000.0,62819000.0,
NVCR,655353000.0,166879000.0,655353000.0,93548000.0,248353000.0,-26648000.0
ALVR,,,,,,
ANNX,0.0,,0.0,162051000.0,26201000.0,-137000.0
SRNE,,,,,,
PSTX,,,,,,
PTCT,1730655000.0,47013000.0,1730655000.0,984648000.0,2707064000.0,-300012000.0
ADCT,81357000.0,5798000.0,81357000.0,261338000.0,117024000.0,-264000.0
BHC,10266000000.0,3013000000.0,10156000000.0,1309000000.0,20851000000.0,-407000000.0
ATHE,0.0,,0.0,33158642.0,155457.0,
INCY,5141242000.0,372100000.0,5141242000.0,3097817000.0,40412000.0,-83867000.0
TFFP,,,,,,
NBIX,2860500000.0,52100000.0,2860500000.0,713000000.0,415300000.0,-34000000.0
TAK,4581551000000.0,1580217000000.0,4581551000000.0,385113000000.0,4515265000000.0,-379625000000.0
IMNM,6941000.0,,6941000.0,653482000.0,3855000.0,-15931000.0
ARCT,67221000.0,,67221000.0,230909000.0,24998000.0,-230000.0
OPK,606879000.0,400939000.0,606879000.0,369074000.0,396782000.0,-12278000.0
LUMO,,,,,,
AVTX,59000.0,0.0,59000.0,15858000.0,392000.0,
CPIX,44521431.0,6667207.0,40396278.0,11444693.0,10180472.0,-182305.0
IBRX,113288000.0,753000.0,112982000.0,88334000.0,518075000.0,-4252000.0
PLUR,1336000.0,682000.0,1336000.0,5895000.0,34050000.0,-1618000.0
LYRA,398000.0,,398000.0,15893000.0,30259000.0,-116000.0
ENLV,0.0,,0.0,1894000.0,641000.0,-68000.0
CMRX,,,,,,
TBPH,107464000.0,,107464000.0,167806000.0,42703000.0,-42000.0
ARQT,376072000.0,36695000.0,372072000.0,42907000.0,114225000.0,-10686000.0
ALDX,0.0,,0.0,70041254.0,15530169.0,
CALA,,,,,,
KNSA,677564000.0,307218000.0,677564000.0,165596000.0,9497000.0,-1568000.0
GLPG,,,,,,
LRMR,0.0,,0.0,85412000.0,4067000.0,-91000.0
ATNXQ,,,,,,
IONS,943711000.0,15909000.0,943711000.0,372260000.0,2064512000.0,-57084000.0
HCM,548512000.0,336349000.0,548512000.0,71330000.0,97893000.0,-24148000.0
ZYME,105965000.0,,105965000.0,41157000.0,18267000.0,-2352000.0
EVLO,,,,,,
CTMX,76201000.0,,76201000.0,12667000.0,4240000.0,-220000.0
MRNS,,,,,,
MDWD,16959000.0,13705000.0,16959000.0,4799000.0,8152000.0,-5505000.0
MMM,24948000000.0,14991000000.0,24948000000.0,5235000000.0,12602000000.0,-910000000.0
APRE,0.0,,0.0,14599347.0,,
CNSP,0.0,,0.0,7201014.0,328571.0,-18175.0
ARGX,4153482000.0,450665000.0,4151316000.0,3491289000.0,47160000.0,-111680000.0
KYNB,6440000.0,556000.0,6440000.0,47872000.0,,-38000.0
ATOS,0.0,,0.0,41299000.0,,-23000.0
PTGX,46016000.0,,46016000.0,128390000.0,10323000.0,-1590000.0
FWBI,,,,,,
ORMP,2000000.0,1987000.0,2000000.0,45947000.0,825000.0,-1933000.0
LFWD,22034000.0,13606000.0,22034000.0,2169000.0,4387000.0,-16000.0
AIM,88000.0,128000.0,88000.0,2985000.0,4896000.0,-378000.0
ZLDPF,9214860000.0,816000.0,9214860000.0,4576541000.0,405767000.0,-69073000.0
KTRA,,,,,,
HURA,0.0,,0.0,3619949.0,700022.0,-76083.0
ALC,10401000000.0,4656000000.0,10319000000.0,,509000000.0,-663000000.0
MIST,1546000.0,,1546000.0,73046000.0,58377000.0,-302000.0
PTN,0.0,0.0,0.0,2564265.0,163781.0,
TRVI,0.0,,0.0,18914000.0,753000.0,-12000.0
GLYC,,,,,,
MTEM,,,,,,
INFI,,,,,,
TVRD,0.0,,0.0,20734000.0,201000.0,
ELOX,0.0,,0.0,4785000.0,1000000.0,
SPRO,59619000.0,,59619000.0,40265000.0,2895000.0,
MRKR,0.0,,0.0,16068048.0,,
SAGE,,,,,,
GOSS,48471000.0,,48471000.0,37732000.0,202906000.0,-79000.0
BCLI,0.0,,0.0,29000.0,208000.0,
ZYNE,,,,,,
DMAC,0.0,,0.0,15647000.0,240000.0,-40000.0
CYTK,88039000.0,416026000.0,88039000.0,122518000.0,1284243000.0,-24807000.0
AVXL,0.0,,0.0,102577000.0,,
IMVIQ,,,,,,
SAVA,,,,,,
VNDA,216105000.0,13044000.0,216105000.0,84851000.0,12622000.0,-998000.0
ANAB,234603000.0,,234603000.0,238196000.0,14112000.0,-87000.0
XENE,7500000.0,,7500000.0,199163000.0,7944000.0,-799000.0
KZR,,,,,,
ATHX,,,,,,
CYTO,,,,,,
ERYP,,,,,,
PRTA,9684000.0,,9684000.0,307531000.0,8373000.0,-138000.0
ASND,720132000.0,94915000.0,720132000.0,616041000.0,871786000.0,-8485000.0
SYBX,0.0,,0.0,14668000.0,,
TCON,,,,,,
GERN,183881000.0,4745000.0,223370000.0,77560000.0,121992000.0,-49000.0
CFRX,,,,,,
CANF,405000.0,,405000.0,5528000.0,71000.0,-2000.0
INSM,606423000.0,122938000.0,606423000.0,510445000.0,,-32561000.0
OVID,7252000.0,,7252000.0,13153000.0,13419000.0,
ACHV,0.0,,0.0,20909000.0,14955000.0,-4000.0
RYTM,189757000.0,19492000.0,189757000.0,54301000.0,3992000.0,-953000.0
SPPI,,,,,,
CPRX,588989000.0,87253000.0,588989000.0,709171000.0,2787000.0,-58000.0
KZIA,42000.0,,42000.0,4345000.0,396000.0,
VTVT,0.0,,0.0,88932000.0,0.0,
JAGX,11511000.0,3774000.0,15497000.0,968000.0,43607000.0,-41000.0
GLSI,0.0,,0.0,6178021.0,,
OPT,,,,,,
ORKA,0.0,,0.0,46935000.0,1932000.0,-209000.0
SNPX,,,,,,
IVA,4483000.0,,4483000.0,99312000.0,59859000.0,-247000.0
AXLA,,,,,,
EDSA,0.0,,0.0,10792172.0,0.0,
IMVT,0.0,,0.0,713971000.0,98000.0,-759000.0
JAZZ,4267586000.0,503296000.0,4267586000.0,1391899000.0,5423866000.0,-209752000.0
OBSV,,,,,,
CTXR,0.0,,0.0,4252290.0,1813273.0,
NAVB,,,,,,
GALT,0.0,,0.0,17720000.0,133757000.0,
URGN,109788000.0,12447000.0,109788000.0,110745000.0,128332000.0,-289000.0
ENTA,65324000.0,,65324000.0,32298000.0,57903000.0,-12896000.0
TARS,451360000.0,30684000.0,451360000.0,183641000.0,72438000.0,-9859000.0
RDHL,286000.0,,286000.0,3971000.0,1070000.0,-5000.0
DVAX,,,,,,
ALLK,,,,,,
BHVN,0.0,,0.0,229957000.0,284614000.0,-715000.0
QNCX,0.0,,0.0,5809000.0,18471000.0,-352000.0
KOD,0.0,,0.0,209862000.0,59180000.0,-506000.0
VCEL,276259000.0,70660000.0,276259000.0,100092000.0,96369000.0,-27162000.0
RNAC,2797000.0,,2797000.0,125139000.0,12676000.0,-5454000.0
HALO,1396611000.0,228774000.0,1396611000.0,133820000.0,2142630000.0,-294741000.0
DCTH,85231000.0,11797000.0,85231000.0,43454000.0,936000.0,-1547000.0
STSA,,,,,,
CSCI,,,,,,
EVFM,20183000.0,4617000.0,20183000.0,,54548000.0,-5000.0
IPSEY,3929200000.0,750900000.0,3929200000.0,1525500000.0,867100000.0,-328700000.0
PYPD,0.0,,0.0,6402000.0,2796000.0,-210000.0
OTLK,1413535.0,1356330.0,1413535.0,8083085.0,30194698.0,
EIGR,,,,,,
BRNS,0.0,,0.0,70456000.0,11281000.0,-37000.0
MESO,17198000.0,5130000.0,17198000.0,161158000.0,128157000.0,-730000.0
BCDA,0.0,,0.0,2496000.0,528000.0,-7000.0
GKOS,507442000.0,224681000.0,507442000.0,90813000.0,103876000.0,-24273000.0
NVAX,1123479000.0,73040000.0,1123479000.0,240634000.0,248811000.0,-6388000.0
OABI,18666000.0,303000.0,18666000.0,25524000.0,20334000.0,-565000.0
TARA,0.0,,0.0,49657000.0,3359000.0,-94000.0
PHAT,175110000.0,22599000.0,175110000.0,129972000.0,211800000.0,-229000.0
RLMD,0.0,,0.0,3496540.0,,
PCRX,726411000.0,149749000.0,726411000.0,158545000.0,418204000.0,-15333000.0
MDGL,958403000.0,56148000.0,958403000.0,198693000.0,347630000.0,-3467000.0
ALNY,3713937000.0,681871000.0,3713937000.0,1657250000.0,1278389000.0,-58697000.0
MIRM,521312000.0,100240000.0,521312000.0,296683000.0,319452000.0,-954000.0
FRTX,,,,,,
GNFT,,,,,,
AXGN,225208000.0,57855000.0,225208000.0,35548000.0,67629000.0,-5594000.0
NTRA,2306113000.0,812933000.0,2306113000.0,1076140000.0,214377000.0,-139188000.0
OPNT,,,,,,
INDV,1239000000.0,246000000.0,1239000000.0,195000000.0,351000000.0,-67000000.0
SCYX,20601000.0,,20601000.0,21259000.0,2175000.0,
ESPR,403135000.0,129224000.0,403135000.0,167852000.0,252234000.0,
ACAD,1071505000.0,88998000.0,1071505000.0,177695000.0,52187000.0,-4690000.0
SMMT,0.0,,0.0,225266000.0,20890000.0,-657000.0
PLX,52744000.0,26993000.0,52744000.0,14680000.0,8321000.0,-1638000.0
CERS,206133000.0,93845000.0,206133000.0,19961000.0,96946000.0,-3729000.0
INVA,411328000.0,77384000.0,411328000.0,550941000.0,269017000.0,-10499000.0
BLPH,,,,,,
DBVT,0.0,,0.0,194167000.0,7994000.0,-538000.0
ARDS,,,,,,
ADIL,0.0,,0.0,5881217.0,,
LIAN,,,,,,
TVTX,490728000.0,10339000.0,490728000.0,93035000.0,328733000.0,-58157000.0
ANIK,112819000.0,49012000.0,112819000.0,57481000.0,26248000.0,-6826000.0
KPTI,146067000.0,5949000.0,146067000.0,60540000.0,233607000.0,
ITRM,,,,,,
AMRX,3018760000.0,1905452000.0,3018760000.0,282029000.0,2689046000.0,-114357000.0
BFRI,41705000.0,10964000.0,41705000.0,6392000.0,6161000.0,-2000.0
NOVN,,,,,,
PTHS,16795000.0,9365000.0,16795000.0,17973000.0,34828000.0,-7997000.0
BYSI,0.0,,0.0,7786000.0,320000.0,-50000.0
CRBP,0.0,,0.0,28492000.0,1633000.0,-7000.0
MACK,,,,,,
TNXP,13107000.0,6640000.0,13107000.0,207637000.0,1309000.0,-3369000.0
UTHR,3182700000.0,384400000.0,3182700000.0,1557100000.0,,-526000000.0
AMPE,,,,,,
SNGX,0.0,0.0,0.0,7936153.0,358144.0,-5883.0
ALPMY,1912323000000.0,349206000000.0,1912323000000.0,188372000000.0,831426000000.0,-57330000000.0
NERV,0.0,,0.0,82301813.0,,
GLMD,0.0,,0.0,3985000.0,,
CVM,0.0,,0.0,10953460.0,9383904.0,-38109.0
NTBL,,,,,,
NVIV,,,,,,
GYRE,116588000.0,5416000.0,116588000.0,37070000.0,939000.0,-1923000.0
AMLX,0.0,0.0,0.0,226651000.0,5957000.0,-138000.0
XERS,291845000.0,42569000.0,291845000.0,111042000.0,258098000.0,-696000.0
SVRA,0.0,,0.0,33180000.0,29914000.0,-22000.0
CNTX,0.0,,0.0,65995228.0,112064.0,-2033948.0
OPTN,,,,,,
AKBA,236196000.0,39462000.0,236196000.0,184844000.0,51798000.0,-8098000.0
CSLLY,15430000000.0,7479000000.0,15430000000.0,2157000000.0,11498000000.0,-1017000000.0
CRMD,311709000.0,35961000.0,311709000.0,144837000.0,148914000.0,-2260000.0
CKPT,,,,,,
ARDX,407320000.0,39537000.0,407320000.0,67999000.0,207954000.0,-1492000.0
YMAB,,,,,,
ANIP,883366000.0,341310000.0,883366000.0,285585000.0,617035000.0,-34321000.0
CALT,,,,,,
LEGN,1028900000.0,408100000.0,1028600000.0,901900000.0,413700000.0,-28600000.0
ETON,79950000.0,37210000.0,79950000.0,25942000.0,31018000.0,-333000.0
TEVA,17257000000.0,8320000000.0,16834000000.0,3556000000.0,17094000000.0,-501000000.0
OYST,,,,,,
VTRS,14299900000.0,9286400000.0,23732900000.0,1322400000.0,14698000000.0,-465100000.0
SIGA,94574902.0,29703893.0,94574902.0,154966414.0,595169.0,-355009.0
CLPT,36971000.0,14279000.0,36971000.0,45923000.0,58232000.0,-522000.0
AQST,44545000.0,18555000.0,44545000.0,121169000.0,42481000.0,-562000.0
LQDA,158320000.0,13242000.0,158320000.0,190680000.0,197927000.0,-6336000.0
ADMP,,,,,,
ADMA,510173000.0,217408000.0,510173000.0,87630000.0,79885000.0,-22891000.0
RLFTF,,,,,,
VRCA,35577000.0,3441000.0,35577000.0,30147000.0,1631000.0,
SLGL,19388000.0,,19388000.0,11033000.0,991000.0,-47000.0
MNKKQ,,,,,,
ASRT,,,,,,
LNTH,1541609000.0,599657000.0,1541609000.0,359121000.0,619432000.0,-41502000.0
GEHC,20625000000.0,12378000000.0,20625000000.0,4492000000.0,10463000000.0,-482000000.0
AUPH,283055000.0,32665000.0,283055000.0,80213000.0,74812000.0,-252000.0
HRTX,154904000.0,41347000.0,154904000.0,28647000.0,140638000.0,-317000.0
AMPH,719887000.0,363830000.0,719887000.0,170177000.0,656002000.0,-37132000.0
FENC,44642000.0,3764000.0,44642000.0,36788000.0,0.0,
ATXI,1404000.0,,1404000.0,2855000.0,,
CARM,,,,,,
TNGX,62384000.0,,62384000.0,112279000.0,33570000.0,-1048000.0
LTRN,0.0,,0.0,4422838.0,78539.0,-1715.0
BMEA,0.0,,0.0,55812000.0,1589000.0,
CCCC,35947000.0,,35947000.0,74603000.0,59982000.0,-607000.0
PMN,0.0,,0.0,6116556.0,,
BIOR,,,,,,
TERN,,,,,,
XAIR,3705000.0,5368000.0,3705000.0,4665000.0,11688000.0,-5883000.0
INDP,0.0,,0.0,8507628.0,0.0,
JANX,10000000.0,,10000000.0,52334000.0,22139000.0,-1043000.0
NVCT,0.0,,0.0,31634000.0,,
EXAI,,,,,,
EVO,788373000.0,674152000.0,788373000.0,401786000.0,447689000.0,-82622000.0
ANIX,0.0,,0.0,1244000.0,204000.0,
CGTX,0.0,,0.0,36810000.0,638000.0,
RNAZ,0.0,,0.0,17813521.0,0.0,-6660.0
ATXS,,,,,,
IMTX,48266000.0,,48266000.0,345918000.0,15635000.0,-6805000.0
STTK,1000000.0,,1000000.0,54192000.0,2421000.0,-71000.0
ALGS,2186000.0,,2186000.0,18303000.0,5250000.0,-437000.0
CING,0.0,,0.0,10953383.0,8786555.0,-162138.0
BCAB,2000000.0,,2000000.0,7118000.0,6200000.0,
CGEM,0.0,,0.0,88332000.0,2683000.0,-49000.0
AVIR,0.0,,0.0,95713000.0,843000.0,
VRDN,70849000.0,,70849000.0,212382000.0,50693000.0,-495000.0
PRTC,,,,,,
DSGN,0.0,,0.0,16856000.0,1535000.0,-193000.0
PYXS,13858000.0,2388000.0,13858000.0,15422000.0,18673000.0,-9000.0
IKNA,,,,,,
IMA,800000.0,,800000.0,94532000.0,2975000.0,
TCRX,10325000.0,,10325000.0,152406000.0,94138000.0,-4407000.0
CMPX,0.0,,0.0,30643000.0,9829000.0,-25000.0
XLO,43766000.0,,43766000.0,137531000.0,6954000.0,-518000.0
VINC,,,,,,
SDGR,255869000.0,113255000.0,255869000.0,230517000.0,109228000.0,-1442000.0
BCRX,874837000.0,19075000.0,874837000.0,89736000.0,438874000.0,-2468000.0
TLSA,0.0,,0.0,4010000.0,456000.0,-21000.0
QNRX,0.0,,0.0,3818096.0,,
LYEL,36000.0,,36000.0,60181000.0,50994000.0,-780000.0
KRBP,,,,,,
ALIM,,,,,,
RVMD,0.0,,0.0,383745000.0,158702000.0,-15990000.0
SNTI,22000.0,,22000.0,16420000.0,28891000.0,-196000.0
RXRX,74256000.0,70953000.0,74256000.0,743294000.0,77965000.0,-8627000.0
CASI,,,,,,
ALVO,586321000.0,235558000.0,586321000.0,172359000.0,1449145000.0,-96129000.0
DRUG,0.0,,0.0,82908589.0,125777.0,
XBIO,2976411.0,,2976411.0,7883632.0,,
CLYD,,,,,,
ELEV,,,,,,
IXHL,,,,,,
EVGN,3853000.0,4094000.0,3853000.0,12956000.0,2198000.0,-135000.0
ARTL,0.0,,0.0,600000.0,678000.0,
PEPG,0.0,,0.0,60514000.0,17004000.0,-264000.0
QLGN,,,,,,
TIL,0.0,,0.0,6638000.0,85178000.0,-10000000.0
ENSC,0.0,,0.0,4310354.0,306708.0,-123643.0
PBLA,,,,,,
LBPH,,,,,,
BDTX,70000000.0,,70000000.0,20990000.0,18781000.0,
UNCY,0.0,,0.0,29198000.0,199000.0,-24000.0
ERAS,0.0,,0.0,73805000.0,47139000.0,-9628000.0
TNYA,0.0,,0.0,100547000.0,10830000.0,-618000.0
NRSN,0.0,,0.0,166000.0,170000.0,-8000.0
SANA,0.0,,0.0,71870000.0,78862000.0,-938000.0
FTH,0.0,,0.0,8668000.0,1509000.0,-16000.0
IMCR,400016000.0,5087000.0,400016000.0,467709000.0,436687000.0,-4340000.0
BDRX,0.0,3961000.0,0.0,8534000.0,61000.0,-691000.0
ACLX,,,,,,
HCWB,54232.0,43386.0,54232.0,1952464.0,6809215.0,
APM,0.0,0.0,0.0,3452891.0,3442928.0,
NIKI,0.0,0.0,0.0,3452891.0,3442928.0,
VIGL,,,,,,
INTS,0.0,,0.0,11921000.0,110000.0,
ADPT,276976000.0,71359000.0,276976000.0,70495000.0,79148000.0,-2959000.0
JSPR,0.0,,0.0,28692000.0,1235000.0,-7000.0
MOLN,0.0,,0.0,82653000.0,3644000.0,-714000.0
HOWL,0.0,,0.0,57050000.0,37671000.0,
TRDA,25421000.0,,25421000.0,90394000.0,50932000.0,-1041000.0
INKT,0.0,,0.0,13360340.0,5179444.0,
FIXX,,,,,,
RLYB,858000.0,,858000.0,31374000.0,176000.0,
GANX,0.0,,0.0,20837628.0,732067.0,
CRBU,11159000.0,,11159000.0,12360000.0,27227000.0,-1359000.0
DYAI,1232311.0,2319860.0,1232311.0,4622331.0,5060665.0,
TRVN,,,,,,
CDXS,70387000.0,9338000.0,70387000.0,50793000.0,73208000.0,-4471000.0
IMRX,0.0,,0.0,128645025.0,3824425.0,-142226.0
RANI,1633000.0,,1633000.0,18618000.0,4318000.0,-88000.0
CADL,0.0,,0.0,119731000.0,49034000.0,-587000.0
ELTX,0.0,,0.0,18563000.0,14512000.0,-16000.0
BCTX,,,,,,
ABOS,0.0,,0.0,53989000.0,31311000.0,-88000.0
NBTX,29643000.0,,22682000.0,52750000.0,95319000.0,-546000.0
JBIO,0.0,,0.0,88438000.0,724000.0,-196000.0
TPST,0.0,,0.0,7707000.0,8141000.0,
ATAI,4089000.0,,4089000.0,85300000.0,2072000.0,-10868000.0
IPSC,109164000.0,,109164000.0,61853000.0,43565000.0,-848000.0
PTIX,,,,,,
ANEB,0.0,,0.0,11627849.0,,
XBIT,0.0,,0.0,125551000.0,,-289000.0
IRWD,296151000.0,,296151000.0,215456000.0,597802000.0,-34000.0
LGVN,1199000.0,396000.0,1199000.0,4661000.0,824000.0,-595000.0
BOLT,7695000.0,,7695000.0,11703000.0,22958000.0,-72000.0
EVAX,7528000.0,,7528000.0,23234000.0,7504000.0,-11000.0
PHVS,0.0,,0.0,291678888.0,776798.0,-164619.0
FDMT,85209000.0,,85209000.0,60241000.0,21413000.0,-536000.0
INAB,0.0,,0.0,27092000.0,2782000.0,
PULM,0.0,,0.0,4088000.0,,
IKT,0.0,,0.0,139220208.0,0.0,-452023.0
PHIO,0.0,,0.0,21031000.0,,-12000.0
VYNE,,,,,,
REVB,0.0,,0.0,10700331.0,746784.0,
CELC,0.0,,0.0,165703000.0,321905000.0,-249000.0
EWTX,0.0,,0.0,61148000.0,3990000.0,-256000.0
ALRN,,,,,,
EFTR,,,,,,
VERV,,,,,,
RZLT,0.0,,0.0,94107000.0,1615000.0,
PCSA,0.0,,0.0,5536955.0,0.0,-850000.0
LSTA,170000.0,,170000.0,15956000.0,0.0,-28000.0
DBTX,,,,,,
ELDN,0.0,,0.0,22808000.0,641000.0,
VOR,0.0,,0.0,396486000.0,3000000.0,-941000.0
IMMX,0.0,,0.0,93928566.0,1072964.0,-732925.0
CMND,0.0,,0.0,3923058.0,1778866.0,
CALC,0.0,,0.0,11520000.0,9700000.0,-28000.0
OLMA,0.0,,0.0,48301000.0,4193000.0,
PHRRF,,,,,,
RNA,18618000.0,,18618000.0,270000000.0,3672000.0,-1445000.0
ROIV,29053000.0,911000.0,29053000.0,2715411000.0,100170000.0,-4599000.0
BLTE,0.0,,0.0,352932000.0,429000.0,-178000.0
PHGE,0.0,,0.0,4360000.0,1436000.0,-2000.0
LBPS,,,,,,
CYBN,,,,,,
HELP,0.0,,0.0,93922000.0,0.0,-1396000.0
SQZ,,,,,,
GOVX,2489145.0,,2489145.0,3085741.0,843170.0,-27612.0
BEAM,139743000.0,,139743000.0,294944000.0,154123000.0,-14946000.0
APTO,,,,,,
IOBT,,,,,,
DYN,0.0,,0.0,893369000.0,169199000.0,-20710000.0
VALN,174658000.0,107139000.0,174658000.0,109650000.0,207248000.0,-4481000.0
IGMS,,,,,,
TYRA,0.0,,0.0,77387000.0,5810000.0,-141000.0
TSHA,9773000.0,,9773000.0,319767000.0,70143000.0,-738000.0
XCUR,0.0,,0.0,3746000.0,176000.0,-1000.0
ALZN,0.0,,0.0,3948658.0,,-300000.0
ADAG,7670902.0,,7670902.0,74523782.0,6263222.0,-17053.0
VIRX,,,,,,
ACHL,,,,,,
TCRT,5000.0,,5000.0,1385000.0,,-98000.0
NEXI,,,,,,
MDNA,,,,,,
GLTO,,,,,,
LIPO,,,,,,
GRI,0.0,,0.0,8229000.0,71000.0,-3000.0
GHRS,0.0,,0.0,246251000.0,512000.0,-121000.0
BIVI,0.0,,0.0,17544547.0,349894.0,
TSVT,,,,,,
CMMB,0.0,,0.0,7564000.0,0.0,-3000.0
NNVC,0.0,,0.0,1558564.0,,-56964.0
ABVC,0.0,0.0,0.0,681480.0,3472826.0,
MNMD,,,,,,
IGXT,,,,,,
VERA,0.0,,0.0,354725000.0,77306000.0,-630000.0
ACXP,0.0,,0.0,7556100.0,,
CNTA,,,,,,
IRD,14196000.0,,14196000.0,45091000.0,1129000.0,
NLSP,,,,,,
NCEL,0.0,,0.0,2201000.0,355000.0,-8000.0
IRON,0.0,,0.0,91145000.0,31023000.0,-933000.0
MLYS,0.0,,0.0,172921000.0,,-15000.0
CRDL,0.0,,0.0,21416684.0,125523.0,-24484.0
ADXN,29972.0,,29972.0,1638612.0,34688.0,
FLNA,0.0,,0.0,95502000.0,,-581000.0
IMRN,7287002.0,2521903.0,7287002.0,2830526.0,71855.0,
CLNN,200000.0,43000.0,200000.0,5189000.0,21673000.0,-39000.0
EYPT,31371000.0,2066000.0,31371000.0,101821000.0,20772000.0,-3280000.0
OKYO,0.0,,0.0,1560902.0,,-1208.0
AIMD,124157.0,21246.0,124157.0,417353.0,11000000.0,-34561.0
VIRI,,,,,,
MAIA,0.0,,0.0,8658031.0,,
ENDP,,,,,,
SCLX,30253000.0,10599000.0,30253000.0,4955000.0,124143000.0,-733000.0
PALI,0.0,,0.0,133385000.0,71000.0,
TRML,,,,,,
ANTX,0.0,,0.0,19941000.0,,
INM,4942633.0,3236047.0,4942633.0,11075871.0,741262.0,
NEUP,,,,,,
CMPS,0.0,,0.0,149608000.0,35035000.0,
EOLS,297176000.0,100069000.0,297176000.0,53826000.0,154996000.0,-8452000.0
FNCH,,,,,,
AEON,0.0,,0.0,3006000.0,35745000.0,-4000.0
DRMA,0.0,,0.0,7521978.0,,
WINT,,,,,,
FBRX,0.0,,0.0,76957000.0,,-116000.0
CNTB,64000.0,,64000.0,38345000.0,690000.0,-434000.0
SEEL,,,,,,
HGEN,,,,,,
PXMD,,,,,,
KALA,0.0,,0.0,7557000.0,0.0,-15000.0
BNOX,,,,,,
OKUR,0.0,,0.0,59050000.0,549000.0,-46000.0
TRAX,,,,,,
PHAR,376134000.0,45500000.0,376134000.0,145305000.0,115775000.0,-755000.0
EGRX,,,,,,
IVVD,53426000.0,3747000.0,53426000.0,226689000.0,2494000.0,-155000.0
NRXP,1225000.0,505000.0,1225000.0,7797000.0,631000.0,
ATNF,,,,,,
SPRY,84278000.0,20423000.0,84278000.0,41317000.0,96374000.0,-339000.0
NVTA,,,,,,
MNKD,348966000.0,87960000.0,402919000.0,74882000.0,367440000.0,-4566000.0
DERM,61858000.0,20924000.0,61239000.0,24090000.0,25396000.0,
NWBO,,,1378000.0,3040000.0,64827000.0,-1504000.0
DFTX,0.0,,0.0,257837000.0,40579000.0,
GRCE,0.0,,0.0,22133000.0,,
APLM,8500000.0,,8500000.0,3276000.0,643000.0,
AMRN,213646000.0,92778000.0,213646000.0,134660000.0,6080000.0,
ADTX,3195.0,2927.0,3195.0,3198599.0,3006528.0,-13743.0
RNXT,1123000.0,327000.0,1123000.0,7024000.0,212000.0,-2000.0
RVPH,0.0,,0.0,14438792.0,406875.0,
BLCO,5101000000.0,2050000000.0,8393000000.0,383000000.0,5082000000.0,-349000000.0
PRFX,17000.0,70000.0,17000.0,3125000.0,21000.0,-2000.0
TCDA,,,,,,
EBS,705200000.0,326200000.0,705200000.0,205400000.0,572100000.0,-13800000.0
ABCL,75128000.0,,75128000.0,128513000.0,143218000.0,-42772000.0
IMPL,,,,,,
GTBP,0.0,,0.0,6811000.0,,
KLRS,0.0,,0.0,98054000.0,1448000.0,-200000.0
TECX,0.0,,0.0,253798000.0,1276000.0,-208000.0
LXEO,0.0,,0.0,63000000.0,7886000.0,-397000.0
PRTG,,,,,,
SRZN,3477000.0,,3477000.0,89245000.0,6639000.0,-128000.0
SXTP,1005471.0,781695.0,1005471.0,1510065.0,152775.0,-218084.0
MTVA,0.0,,0.0,10278000.0,210000.0,-2000.0
BIOA,8995000.0,,8995000.0,188888000.0,5560000.0,-719000.0
ABP,,,,,,
KYTX,0.0,,0.0,124093000.0,29032000.0,-1133000.0
NMRA,0.0,,0.0,182530000.0,55009000.0,
TLX,803794000.0,377356000.0,803794000.0,141866000.0,467106000.0,-43776000.0
PVLA,0.0,,0.0,57982000.0,633000.0,
RADX,3633422.0,3594146.0,3633422.0,29116835.0,,
CLYM,0.0,,0.0,35685000.0,541000.0,-186000.0
MIRA,0.0,,0.0,6346921.0,,
MAZE,0.0,,0.0,189247000.0,23306000.0,-794000.0
CBIO,10844000.0,,10844000.0,213192000.0,1644000.0,-72919000.0
MBX,0.0,,0.0,75289000.0,596000.0,-1929000.0
TCBP,,,,,,
SEPN,45951000.0,,45951000.0,120722000.0,23625000.0,-518000.0
NKGN,,,,,,
LEXX,705923.0,2720.0,705923.0,1802123.0,109320.0,-99752.0
RAPP,0.0,,0.0,52645000.0,11484000.0,-616000.0
IBIO,400000.0,,400000.0,8582000.0,3508000.0,-16000.0
ALMS,24050000.0,,24050000.0,89670000.0,36914000.0,-653000.0
GPCR,0.0,,0.0,799623000.0,6487000.0,-3614000.0
APGE,0.0,,0.0,131549000.0,8849000.0,-5147000.0
CTNM,0.0,,0.0,75603000.0,8250000.0,-231000.0
CRGX,,,,,,
GUTS,0.0,0.0,0.0,81540000.0,61646000.0,-557000.0
QNTM,0.0,,0.0,1905357.0,1876211.0,
GDTC,324387.0,67992.0,324387.0,2095489.0,482562.0,-703134.0
ACTU,0.0,,0.0,13159423.0,,
SLN,559000.0,215000.0,559000.0,11277000.0,160000.0,-55000.0
ZURA,0.0,,0.0,109407000.0,,-113000.0
TVGN,0.0,,0.0,552372.0,7501490.0,-64439.0
CLDI,0.0,,0.0,5600000.0,2564000.0,-120000.0
ANRO,0.0,,0.0,176484000.0,23958000.0,-24000.0
CERO,0.0,,0.0,1662380.0,699107.0,
KTTA,0.0,,0.0,55158939.0,,
SGMT,0.0,,0.0,35021000.0,78000.0,
GLUE,123672000.0,,123672000.0,129883000.0,39191000.0,-4700000.0
NUVL,,,,,,
IMNN,0.0,,0.0,8781059.0,1008765.0,-280572.0
VANI,0.0,,0.0,16232000.0,18855000.0,-1173000.0
SILO,72102.0,44295.0,72102.0,4748700.0,,-574920.0
COYA,7945753.0,,7945753.0,46822786.0,,
NGNE,0.0,,0.0,103845000.0,10957000.0,-1183000.0
SGHT,77363000.0,10697000.0,77363000.0,91965000.0,40775000.0,-224000.0
CATX,0.0,,0.0,30629000.0,3253000.0,-12749000.0
ANL,5000000.0,,5000000.0,8056000.0,26376000.0,-187000.0
THAR,,,,,,
FLGT,322671000.0,191796000.0,322671000.0,50193000.0,7677000.0,-22574000.0
ACRV,0.0,,0.0,41499000.0,2709000.0,-1669000.0
MIRO,,,,,,
THRD,,,,,,
TSBX,,,,,,
SPRC,856000.0,225000.0,856000.0,4591000.0,366000.0,
GNLX,8000.0,,8000.0,5333000.0,1685000.0,-1098000.0
KNTE,,,,,,
SABS,0.0,,0.0,10502680.0,5950681.0,-933156.0
VRPX,,,,,,
RPRX,2378193000.0,,2378193000.0,618696000.0,8950917000.0,
AAPG,574120000.0,48938000.0,499272000.0,2464400000.0,1979719000.0,-27571000.0
BCAX,0.0,,0.0,96685000.0,1710000.0,-280000.0
SER,0.0,,0.0,3056000.0,3142000.0,-59000.0
AVBP,0.0,,0.0,45540000.0,14000.0,
SKYE,0.0,,0.0,5882498.0,273646.0,-6312.0
OCEA,,,,,,
AZTR,0.0,,0.0,2068083.0,422077.0,-186062.0
ARTV,0.0,,0.0,26701000.0,10942000.0,-2587000.0
TEM,1271789000.0,473892000.0,1271789000.0,604787000.0,1327130000.0,-27265000.0
EPRX,0.0,,0.0,80563482.0,154362.0,-588947.0
SEOVF,0.0,,0.0,265004.0,4773666.0,
NTHI,39990.0,,39990.0,58729.0,6313879.0,-500000.0
ENGN,0.0,,0.0,50152000.0,31795000.0,-1485000.0
BOLD,0.0,,0.0,17868000.0,49035000.0,-546000.0
ABSI,2800000.0,,2800000.0,20025000.0,5302000.0,-1107000.0
FBLG,0.0,,0.0,4894000.0,2410000.0,-262000.0
GNTA,0.0,,0.0,5527672.0,7603000.0,-7625.0
INVO,,,,,,
ESLA,0.0,,0.0,1384302.0,,
KANT,,,,,,
LIXT,0.0,,0.0,5106872.0,664491.0,
BRTX,359700.0,23844.0,359700.0,1511188.0,,-116069.0
PRME,4632000.0,,4632000.0,63032000.0,116427000.0,-4531000.0
SION,0.0,,0.0,58451000.0,8677000.0,-377000.0
QTTB,53737000.0,,53737000.0,48297000.0,15344000.0,
JUNS,21796.0,4231.0,21796.0,3789342.0,5319315.0,
CRVO,0.0,,0.0,8235469.0,,
ZVSA,0.0,,0.0,101778.0,,
OGEN,0.0,,0.0,4399726.0,227348.0,
NAMS,22503000.0,,22503000.0,490002000.0,202000.0,-246000.0
MENS,0.0,,0.0,1175000.0,18549000.0,
HIND,319714.0,100943.0,319714.0,4982333.0,31258.0,
NSRX,0.0,,0.0,1237000.0,118000.0,-14000.0
UPB,2854000.0,,2854000.0,101578000.0,1269000.0,-165000.0
NUVB,62902000.0,9298000.0,62902000.0,164086000.0,57355000.0,-8354000.0
MDCX,0.0,,0.0,8705218.0,5477003.0,
CELU,26550000.0,20074000.0,26550000.0,6175000.0,40901000.0,
ZBIO,10000000.0,,10000000.0,110641000.0,1326000.0,-35018000.0
LBRX,0.0,,0.0,250173000.0,3569000.0,-52000.0
MLTX,0.0,,0.0,334517000.0,75708000.0,-35000.0
KAPA,0.0,,0.0,4491000.0,,
BAYRY,45575000000.0,18797000000.0,45575000000.0,6671000000.0,36453000000.0,-2487000000.0
CVKD,0.0,,0.0,4007789.0,,-5104.0
CGON,4040000.0,4647000.0,4040000.0,32490000.0,7021000.0,-134000.0
DNTH,2036000.0,,2036000.0,51087000.0,1386000.0,-213000.0
XRTX,0.0,,0.0,864514.0,37287.0,-55223.0
ONVO,,,,,,
PROK,893000.0,,893000.0,108537000.0,4036000.0,-15196000.0
ALLR,320000.0,,320000.0,14687000.0,1400000.0,-8000.0
VCYT,517145000.0,154613000.0,517145000.0,362578000.0,39654000.0,-9677000.0
OCS,0.0,,0.0,81329000.0,2313000.0,-1388000.0
SHPH,0.0,,0.0,334005.0,232147.0,-3056722.0
DWTX,0.0,,0.0,6524744.0,162604.0,
ABVX,0.0,,0.0,516685000.0,1856000.0,-142000.0
PBM,0.0,,0.0,6135166.0,,-9877.0
AARD,0.0,,0.0,47051000.0,441000.0,-95000.0
TLPH,28000.0,,28000.0,5894000.0,,
HUMA,2038000.0,9702000.0,2038000.0,50497000.0,64846000.0,-884000.0
GH,982021000.0,349007000.0,982021000.0,378203000.0,1710142000.0,-48306000.0
LENZ,19088000.0,418000.0,19088000.0,25179000.0,815000.0,-827000.0
YS,,,,,,
TCMD,329522000.0,79376000.0,329522000.0,83446000.0,15958000.0,-2535000.0
OGN,6216000000.0,2903000000.0,6216000000.0,574000000.0,8644000000.0,-316000000.0
ACOG,10220275.0,1915323.0,10220275.0,66046789.0,,-293489.0
APLIF,100443.0,,100443.0,1228244.0,12294417.0,-2360.0
QTRX,138654000.0,73938000.0,138654000.0,29839000.0,37239000.0,-2612000.0
TELO,0.0,,0.0,7286670.0,,
VYGR,40374000.0,,40374000.0,65300000.0,36499000.0,-2596000.0
PLRZ,0.0,,0.0,1306000.0,,-7000.0
SCNI,1311000.0,3963000.0,1311000.0,1661000.0,2267000.0,-24000.0
KLTO,,,,,,
GRML,,,,,,
CHRO,,,,,,
ERNA,0.0,0.0,0.0,1884000.0,490000.0,-37000.0
MGX,25210000.0,,25210000.0,41722000.0,40657000.0,-574000.0
ELAB,590084.0,404770.0,590084.0,5402333.0,2644949.0,-448255.0
ENVB,0.0,,0.0,4677491.0,,
KLRA,0.0,,0.0,160267000.0,10753000.0,-2088000.0
COAG,0.0,,0.0,87974000.0,1220000.0,-16000.0
EVMN,13000000.0,,13000000.0,44063000.0,1713000.0,-235000.0
MPLT,0.0,,0.0,46729000.0,5802000.0,-473000.0
MANE,0.0,,0.0,21766000.0,4000.0,-24000.0
TFX,1992713000.0,871959000.0,1992713000.0,378564000.0,2725659000.0,-95236000.0
TENX,0.0,,0.0,97565000.0,,
SCTX,51174000.0,,51174000.0,12796000.0,41428000.0,-1271000.0
CURX,0.0,,0.0,4973134.0,346699.0,
